{"uid":"4b4757e66a1912dae1a509f688f20b0f","name":"categories","children":[{"name":"Test defects","children":[{"name":"Can't call getText on element with selector \"~Sorry, this user has been locked out.\" because element wasn't found","children":[{"name":"should show error for locked out user credentials","uid":"c35a1a4aa53ac8e3","parentUid":"8c93b09a0943348772eebdc065d3ff19","status":"broken","time":{"start":1771228447857,"stop":1771228458475,"duration":10618},"flaky":false,"newFailed":false,"newPassed":false,"newBroken":false,"retriesCount":0,"retriesStatusChange":false,"parameters":["iPhone SE (3rd generation)"],"tags":[]}],"uid":"8c93b09a0943348772eebdc065d3ff19"}],"uid":"bdbf199525818fae7a8651db9eafe741"},{"name":"Product defects","children":[{"name":"Expect $(`~test-PRODUCTS`) to be displayed\n\nExpected: \"displayed\"\nReceived: \"not displayed\"","children":[{"name":"should login with valid credentials","uid":"76122d641ebdb031","parentUid":"5394dc5271c29706d96c2253f7055a5c","status":"failed","time":{"start":1771228458475,"stop":1771228466868,"duration":8393},"flaky":false,"newFailed":false,"newPassed":false,"newBroken":false,"retriesCount":0,"retriesStatusChange":false,"parameters":["iPhone SE (3rd generation)"],"tags":[]}],"uid":"5394dc5271c29706d96c2253f7055a5c"}],"uid":"8fb3a91ba5aaf9de24cc8a92edc82b5d"}]}