{"uid":"83edc06c07f9ae9e47eb6dd1b683e4e2","name":"packages","children":[{"name":"should select multiple products and add to cart","uid":"46c12aa47d8cdc82","parentUid":"83edc06c07f9ae9e47eb6dd1b683e4e2","status":"skipped","time":{"start":1771228442704,"stop":1771228442704,"duration":0},"flaky":false,"newFailed":false,"newPassed":false,"newBroken":false,"retriesCount":0,"retriesStatusChange":false,"parameters":["iPhone SE (3rd generation)"],"tags":[]},{"name":"src.tests.login.login.spec.ts","children":[{"name":"should show error for locked out user credentials","uid":"c35a1a4aa53ac8e3","parentUid":"add24df81be7ca52f285430944364ca3","status":"broken","time":{"start":1771228447857,"stop":1771228458475,"duration":10618},"flaky":false,"newFailed":false,"newPassed":false,"newBroken":false,"retriesCount":0,"retriesStatusChange":false,"parameters":["iPhone SE (3rd generation)"],"tags":[]},{"name":"should login with valid credentials","uid":"76122d641ebdb031","parentUid":"add24df81be7ca52f285430944364ca3","status":"failed","time":{"start":1771228458475,"stop":1771228466868,"duration":8393},"flaky":false,"newFailed":false,"newPassed":false,"newBroken":false,"retriesCount":0,"retriesStatusChange":false,"parameters":["iPhone SE (3rd generation)"],"tags":[]}],"uid":"src.tests.login.login.spec.ts"}]}