{"uid":"98d3104e051c652961429bf95fa0b5d6","name":"suites","children":[{"name":"should select multiple products and add to cart","uid":"46c12aa47d8cdc82","parentUid":"98d3104e051c652961429bf95fa0b5d6","status":"skipped","time":{"start":1771228442704,"stop":1771228442704,"duration":0},"flaky":false,"newFailed":false,"newPassed":false,"newBroken":false,"retriesCount":0,"retriesStatusChange":false,"parameters":["iPhone SE (3rd generation)"],"tags":[]},{"name":"Login Flow in LANDSCAPE","children":[{"name":"should show error for locked out user credentials","uid":"c35a1a4aa53ac8e3","parentUid":"2b1527c554ab38916a6f4687befd824c","status":"broken","time":{"start":1771228447857,"stop":1771228458475,"duration":10618},"flaky":false,"newFailed":false,"newPassed":false,"newBroken":false,"retriesCount":0,"retriesStatusChange":false,"parameters":["iPhone SE (3rd generation)"],"tags":[]},{"name":"should login with valid credentials","uid":"76122d641ebdb031","parentUid":"2b1527c554ab38916a6f4687befd824c","status":"failed","time":{"start":1771228458475,"stop":1771228466868,"duration":8393},"flaky":false,"newFailed":false,"newPassed":false,"newBroken":false,"retriesCount":0,"retriesStatusChange":false,"parameters":["iPhone SE (3rd generation)"],"tags":[]}],"uid":"2b1527c554ab38916a6f4687befd824c"}]}