{"cffab2b4de9e56c0ca77b1ae137bfdec":{"statistic":{"failed":0,"broken":0,"skipped":1,"passed":0,"unknown":0,"total":1},"items":[{"uid":"46c12aa47d8cdc82","status":"skipped","time":{"start":1771228442704,"stop":1771228442704,"duration":0}}]},"bdfc31af7d17d44b24f2c57bb6bccde3":{"statistic":{"failed":0,"broken":1,"skipped":0,"passed":0,"unknown":0,"total":1},"items":[{"uid":"c35a1a4aa53ac8e3","status":"broken","statusDetails":"Can't call getText on element with selector \"~Sorry, this user has been locked out.\" because element wasn't found","time":{"start":1771228447857,"stop":1771228458475,"duration":10618}}]},"b44d2b983412aa3f440e19d0fef6a4f1":{"statistic":{"failed":1,"broken":0,"skipped":0,"passed":0,"unknown":0,"total":1},"items":[{"uid":"76122d641ebdb031","status":"failed","statusDetails":"Expect $(`~test-PRODUCTS`) to be displayed\n\nExpected: \"displayed\"\nReceived: \"not displayed\"","time":{"start":1771228458475,"stop":1771228466868,"duration":8393}}]}}