[{"uid":"c35a1a4aa53ac8e3","name":"should show error for locked out user credentials","time":{"start":1771228447857,"stop":1771228458475,"duration":10618},"status":"broken","severity":"normal"},{"uid":"76122d641ebdb031","name":"should login with valid credentials","time":{"start":1771228458475,"stop":1771228466868,"duration":8393},"status":"failed","severity":"normal"},{"uid":"46c12aa47d8cdc82","name":"should select multiple products and add to cart","time":{"start":1771228442704,"stop":1771228442704,"duration":0},"status":"skipped","severity":"normal"}]